account_id,plan_id,churn_date,reason_code,mrr_lost
1003,1,2023-02-26,FEA,60
1019,1,2023-02-17,PRC,180
1049,2,2023-03-23,BUD,2030
1050,1,2023-03-15,FEA,135
1074,2,2023-03-04,BUG,735
1001,1,2023-04-10,FEA,30
1104,1,2023-04-06,,210
1058,1,2023-05-30,CMP,180
1119,2,2023-05-02,ONB,490
1125,1,2023-05-18,PRC,180
1165,1,2023-05-11,,90
1031,2,2023-06-21,BUD,700
1180,1,2023-06-05,FEA,210
1206,1,2023-06-10,PRC,75
1123,2,2023-07-04,BUD,980
1217,1,2023-07-31,,165
1032,1,2023-08-13,SUP,75
1087,2,2023-08-29,BUG,1295
1136,2,2023-08-22,SUP,1505
1248,2,2023-08-15,BUD,735
1083,2,2023-09-21,BUD,1610
1132,1,2023-09-14,FEA,150
1176,1,2023-09-16,BUD,135
1190,2,2023-09-19,BUD,2030
1228,1,2023-09-22,BUD,60
1230,2,2023-09-05,PRC,595
1280,1,2023-09-30,ONB,60
1290,1,2023-09-16,FEA,120
1300,1,2023-09-03,BUG,165
1021,1,2023-10-09,CMP,90
1068,1,2023-10-09,BUG,135
1106,1,2023-10-02,SUP,45
1201,3,2023-10-22,PRC,10140
1215,1,2023-10-05,BUD,150
1283,1,2023-10-24,PRC,225
1362,1,2023-10-09,CLS,150
1370,1,2023-10-26,CMP,90
1014,2,2023-11-18,BUD,1050
1046,1,2023-11-29,SUP,270
1054,2,2023-11-29,PRC,1750
1066,1,2023-11-22,SUP,150
1070,2,2023-11-12,SUP,1155
1150,2,2023-11-12,BUD,1645
1156,1,2023-11-12,BUG,75
1163,2,2023-11-06,CMP,1540
1182,2,2023-11-29,PRC,490
1330,1,2023-11-18,CMP,150
1384,2,2023-11-06,BUG,735
1392,1,2023-11-15,BUD,165
1406,1,2023-11-03,PRC,210
1424,2,2023-11-29,ONB,1015
1090,1,2023-12-14,BUG,105
1133,2,2023-12-04,FEA,1085
1169,1,2023-12-06,ONB,225
1260,1,2023-12-24,PRC,60
1269,2,2023-12-14,FEA,1015
1277,1,2023-12-16,,225
1292,1,2023-12-15,CMP,150
1316,1,2023-12-23,PRC,135
1360,1,2023-12-06,PRC,135
1383,1,2023-12-22,,180
1390,1,2023-12-22,ONB,195
1429,1,2023-12-04,ONB,165
1482,1,2023-12-04,SUP,165
1055,1,2024-01-13,BUD,120
1084,2,2024-01-22,FEA,385
1095,2,2024-01-25,BUG,1960
1097,2,2024-01-15,FEA,1610
1128,1,2024-01-21,ONB,285
1173,1,2024-01-31,CMP,75
1255,1,2024-01-01,PRC,210
1313,2,2024-01-10,ONB,735
1391,2,2024-01-01,ONB,945
1430,1,2024-01-31,CMP,105
1431,2,2024-01-23,PRC,2065
1446,1,2024-01-06,FEA,75
1504,1,2024-01-18,PRC,105
1024,1,2024-02-24,CMP,90
1073,2,2024-02-06,PRC,630
1081,1,2024-02-14,CMP,30
1121,1,2024-02-21,SUP,120
1220,2,2024-02-08,SUP,1295
1243,1,2024-02-07,PRC,30
1349,1,2024-02-09,,180
1368,2,2024-02-23,FEA,1155
1415,1,2024-02-19,BUG,120
1421,1,2024-02-23,FEA,300
1535,2,2024-02-09,SUP,980
1567,3,2024-02-22,CMP,17040
1023,2,2024-03-25,BUD,1085
1077,2,2024-03-21,CMP,350
1103,2,2024-03-09,BUD,1085
1105,1,2024-03-14,PRC,90
1162,1,2024-03-03,PRC,165
1166,1,2024-03-27,CMP,105
1294,2,2024-03-25,ONB,2065
1345,1,2024-03-16,,90
1401,1,2024-03-13,BUG,105
1454,1,2024-03-05,FEA,105
1467,1,2024-03-29,,150
1506,2,2024-03-10,,1330
1538,1,2024-03-15,BUG,210
1584,1,2024-03-16,ONB,75
1618,1,2024-03-07,CMP,120
1633,1,2024-03-22,ONB,225
1015,2,2024-04-20,PRC,1610
1030,2,2024-04-27,CMP,770
1061,2,2024-04-06,ONB,595
1086,1,2024-04-12,CLS,30
1135,1,2024-04-27,FEA,105
1145,1,2024-04-04,,60
1149,1,2024-04-27,SUP,225
1204,1,2024-04-12,CMP,90
1418,2,2024-04-18,SUP,1645
1459,1,2024-04-19,SUP,105
1463,1,2024-04-28,BUG,105
1472,1,2024-04-02,SUP,195
1547,1,2024-04-23,,75
1552,1,2024-04-02,PRC,75
1560,2,2024-04-11,CMP,1155
1632,1,2024-04-30,ONB,210
1252,1,2024-05-27,BUD,240
1278,1,2024-05-18,BUG,120
1325,2,2024-05-28,ONB,1610
1359,1,2024-05-18,FEA,225
1366,1,2024-05-14,BUD,135
1396,1,2024-05-04,FEA,105
1644,1,2024-05-18,BUG,210
1664,2,2024-05-07,ONB,805
1034,1,2024-06-13,SUP,225
1082,2,2024-06-15,BUG,490
1138,1,2024-06-30,BUD,180
1142,1,2024-06-19,CLS,225
1399,1,2024-06-02,CMP,75
1440,2,2024-06-04,ONB,1120
1623,1,2024-06-08,,75
1717,1,2024-06-26,CMP,210
1744,1,2024-06-11,ONB,225
1777,1,2024-06-01,BUD,105
1009,2,2024-07-17,PRC,1085
1018,1,2024-07-21,CMP,150
1101,2,2024-07-03,BUD,630
1122,2,2024-07-14,FEA,2660
1155,1,2024-07-24,SUP,45
1272,3,2024-07-08,CMP,14700
1276,2,2024-07-18,CMP,420
1298,1,2024-07-10,PRC,75
1365,1,2024-07-01,,135
1371,1,2024-07-09,CMP,225
1408,1,2024-07-24,CMP,90
1550,2,2024-07-05,,1645
1601,1,2024-07-10,SUP,210
1606,1,2024-07-19,BUG,225
1654,1,2024-07-06,FEA,45
1655,2,2024-07-27,PRC,980
1671,1,2024-07-25,CLS,165
1693,1,2024-07-19,CMP,135
1735,1,2024-07-23,BUD,165
1753,1,2024-07-31,PRC,45
1768,1,2024-07-01,ONB,195
1795,1,2024-07-26,PRC,165
1815,1,2024-07-19,PRC,135
1171,2,2024-08-04,ONB,1225
1191,1,2024-08-29,CMP,150
1193,3,2024-08-04,ONB,3480
1225,1,2024-08-22,CMP,45
1423,1,2024-08-19,BUG,180
1485,1,2024-08-27,FEA,30
1489,1,2024-08-27,SUP,90
1589,1,2024-08-09,CLS,105
1591,1,2024-08-18,SUP,120
1604,1,2024-08-18,BUD,75
1628,1,2024-08-20,BUD,195
1648,1,2024-08-25,PRC,90
1665,2,2024-08-18,,350
1669,1,2024-08-12,CMP,210
1676,1,2024-08-26,BUG,150
1885,1,2024-08-26,CMP,75
1894,1,2024-08-30,PRC,210
1114,1,2024-09-14,SUP,165
1306,2,2024-09-21,CLS,350
1319,2,2024-09-12,FEA,350
1398,2,2024-09-22,PRC,630
1551,2,2024-09-27,FEA,2170
1775,2,2024-09-21,BUD,1330
1798,1,2024-09-20,,180
1843,1,2024-09-23,PRC,45
1847,2,2024-09-01,FEA,1855
1862,2,2024-09-20,FEA,1540
1905,1,2024-09-18,SUP,75
1958,1,2024-09-12,BUG,45
1041,2,2024-10-12,SUP,1785
1044,1,2024-10-08,FEA,105
1226,1,2024-10-01,FEA,165
1357,1,2024-10-28,,270
1502,1,2024-10-30,SUP,150
1543,1,2024-10-18,CMP,210
1599,2,2024-10-21,PRC,455
1636,2,2024-10-19,SUP,1750
1792,1,2024-10-02,BUD,135
1827,1,2024-10-19,SUP,120
1860,1,2024-10-11,PRC,120
1861,1,2024-10-13,CMP,270
1908,1,2024-10-30,CMP,75
1920,2,2024-10-23,CMP,1470
1974,1,2024-10-08,ONB,45
1978,3,2024-10-02,PRC,15240
2011,2,2024-10-21,ONB,735
1100,1,2024-11-22,CLS,60
1224,2,2024-11-11,ONB,630
1253,1,2024-11-27,PRC,180
1264,2,2024-11-04,FEA,1820
1518,1,2024-11-06,,90
1614,1,2024-11-24,CLS,120
1616,1,2024-11-22,BUG,75
1624,1,2024-11-22,SUP,45
1733,3,2024-11-07,BUD,6720
1757,1,2024-11-03,BUG,135
1916,1,2024-11-08,PRC,135
1930,2,2024-11-02,SUP,1750
1932,1,2024-11-10,PRC,195
1952,2,2024-11-07,FEA,1680
1961,2,2024-11-27,BUG,420
2002,1,2024-11-06,BUD,60
2004,3,2024-11-20,ONB,5340
2048,1,2024-11-21,ONB,135
1159,1,2024-12-01,FEA,45
1295,1,2024-12-22,SUP,90
1303,1,2024-12-25,BUD,75
1331,2,2024-12-23,CLS,805
1407,1,2024-12-20,BUG,75
1456,1,2024-12-08,FEA,195
1493,1,2024-12-28,CMP,75
1511,1,2024-12-07,PRC,60
1662,1,2024-12-01,SUP,195
1729,1,2024-12-25,BUD,225
1863,2,2024-12-07,BUD,805
1918,1,2024-12-26,BUD,120
1969,1,2024-12-24,CLS,210
1984,1,2024-12-04,CLS,30
1985,2,2024-12-10,CMP,1330
1986,2,2024-12-23,BUD,910
2014,1,2024-12-19,CMP,105
2034,1,2024-12-14,,135
2065,1,2024-12-22,ONB,195
2066,2,2024-12-19,ONB,1610
2069,2,2024-12-22,PRC,560
2117,1,2024-12-03,PRC,135
1052,2,2025-01-15,BUD,665
1141,2,2025-01-04,BUG,1610
1254,2,2025-01-12,CLS,525
1293,2,2025-01-28,,1820
1311,1,2025-01-21,CMP,15
1379,2,2025-01-15,,700
1412,2,2025-01-23,PRC,770
1453,1,2025-01-25,CMP,105
1473,2,2025-01-31,SUP,1120
1492,1,2025-01-15,ONB,210
1508,2,2025-01-30,CMP,840
1548,3,2025-01-07,SUP,3000
1590,2,2025-01-10,BUD,2065
1602,3,2025-01-03,BUG,6780
1661,1,2025-01-20,PRC,90
1822,1,2025-01-30,,240
1904,2,2025-01-28,BUD,1015
1923,1,2025-01-26,BUD,90
1928,2,2025-01-03,BUD,1330
1977,1,2025-01-10,SUP,210
2041,2,2025-01-13,,1995
2082,1,2025-01-04,CMP,60
2093,1,2025-01-10,CMP,120
2168,3,2025-01-27,ONB,6120
1063,2,2025-02-02,FEA,1155
1232,1,2025-02-19,BUG,60
1233,1,2025-02-11,CMP,165
1328,1,2025-02-07,ONB,105
1425,1,2025-02-01,CMP,105
1433,2,2025-02-23,ONB,490
1488,2,2025-02-02,CLS,1645
1501,2,2025-02-09,PRC,1960
1685,3,2025-02-28,PRC,9960
1724,1,2025-02-28,BUG,60
1836,1,2025-02-07,SUP,135
1887,1,2025-02-05,BUD,75
1926,1,2025-02-18,,210
1945,1,2025-02-14,BUD,120
1983,1,2025-02-01,SUP,255
2067,1,2025-02-25,CLS,135
2122,1,2025-02-28,BUD,60
2173,1,2025-02-09,FEA,75
2184,1,2025-02-06,ONB,105
2190,1,2025-02-05,SUP,165
2206,3,2025-02-02,BUD,5100
1037,2,2025-03-15,SUP,1365
1076,3,2025-03-22,CMP,3900
1109,2,2025-03-20,CMP,2135
1218,2,2025-03-18,FEA,280
1236,1,2025-03-31,CLS,210
1286,1,2025-03-28,BUG,150
1296,1,2025-03-31,,150
1350,3,2025-03-31,BUD,3540
1443,3,2025-03-15,CMP,10740
1706,1,2025-03-25,PRC,75
1785,2,2025-03-01,CMP,350
1816,1,2025-03-10,BUD,165
1878,1,2025-03-04,CLS,150
2098,2,2025-03-30,BUD,945
2110,2,2025-03-06,PRC,1435
2140,1,2025-03-29,BUD,180
2162,2,2025-03-24,BUG,945
2192,1,2025-03-20,ONB,90
2223,1,2025-03-29,PRC,210
2235,1,2025-03-14,SUP,60
2272,1,2025-03-26,,195
1382,2,2025-04-30,BUG,385
1465,1,2025-04-17,FEA,240
1619,1,2025-04-12,SUP,180
1826,2,2025-04-19,BUG,1050
1968,2,2025-04-02,PRC,1505
2003,1,2025-04-30,FEA,135
2081,1,2025-04-28,PRC,240
2089,1,2025-04-30,BUD,210
2203,1,2025-04-01,PRC,45
2205,1,2025-04-17,CMP,225
2228,1,2025-04-29,CLS,165
2277,1,2025-04-18,PRC,45
2278,3,2025-04-17,BUD,5640
2282,1,2025-04-29,PRC,120
2324,1,2025-04-08,SUP,195
2366,2,2025-04-04,SUP,2065
1047,1,2025-05-31,BUG,60
1108,1,2025-05-15,PRC,345
1118,2,2025-05-22,PRC,1575
1377,1,2025-05-02,FEA,75
1442,1,2025-05-11,FEA,30
1484,2,2025-05-14,CMP,420
1519,1,2025-05-06,BUD,30
1573,2,2025-05-11,SUP,385
1673,1,2025-05-13,BUD,45
1701,1,2025-05-08,BUG,30
1726,1,2025-05-16,,75
1742,2,2025-05-04,SUP,1295
2010,1,2025-05-12,ONB,270
2047,2,2025-05-22,ONB,1960
2257,2,2025-05-16,ONB,1610
2259,1,2025-05-22,FEA,195
2269,1,2025-05-18,,195
2298,2,2025-05-06,BUG,560
2342,1,2025-05-16,SUP,135
2347,1,2025-05-04,ONB,180
2373,1,2025-05-04,,180
2374,1,2025-05-10,PRC,225
2375,1,2025-05-18,BUD,195
2438,1,2025-05-07,ONB,225
1005,2,2025-06-18,BUD,1260
1020,2,2025-06-11,CLS,630
1035,1,2025-06-04,CMP,60
1239,2,2025-06-29,,385
1251,2,2025-06-17,BUG,210
1460,2,2025-06-28,,350
1480,1,2025-06-26,PRC,195
1515,1,2025-06-27,BUD,135
1577,1,2025-06-21,BUG,120
1588,1,2025-06-14,CMP,240
1842,1,2025-06-23,CMP,180
1954,1,2025-06-28,CMP,60
1997,2,2025-06-03,FEA,1190
2099,3,2025-06-10,CMP,16500
2199,1,2025-06-03,PRC,120
2247,1,2025-06-19,BUD,105
2253,2,2025-06-17,FEA,1050
2275,1,2025-06-22,SUP,195
2300,2,2025-06-16,PRC,1400
2353,1,2025-06-29,BUD,150
2355,1,2025-06-12,ONB,105
2392,1,2025-06-14,BUD,165
2520,2,2025-06-04,CMP,2100
1006,1,2025-07-22,PRC,45
1022,1,2025-07-03,,45
1056,2,2025-07-09,CMP,700
1075,1,2025-07-03,PRC,45
1120,1,2025-07-22,CMP,90
1240,1,2025-07-18,PRC,90
1324,1,2025-07-11,,195
1361,1,2025-07-28,PRC,225
1376,1,2025-07-19,BUG,225
1469,1,2025-07-24,PRC,75
1475,1,2025-07-26,PRC,30
1532,1,2025-07-01,PRC,105
1549,1,2025-07-21,ONB,75
1571,1,2025-07-21,PRC,210
1595,1,2025-07-27,PRC,15
1647,1,2025-07-13,PRC,270
1698,2,2025-07-05,,1085
1807,2,2025-07-24,PRC,490
1876,1,2025-07-03,PRC,135
1889,1,2025-07-07,,135
2013,1,2025-07-02,PRC,120
2027,1,2025-07-02,PRC,60
2056,1,2025-07-22,PRC,105
2125,1,2025-07-19,BUD,30
2176,3,2025-07-23,,7800
2194,1,2025-07-10,,120
2201,1,2025-07-23,PRC,105
2255,1,2025-07-13,PRC,150
2268,1,2025-07-18,PRC,45
2318,1,2025-07-09,PRC,75
2331,2,2025-07-28,CMP,1085
2332,2,2025-07-01,CMP,1540
2388,1,2025-07-25,PRC,195
2400,1,2025-07-09,PRC,210
2407,1,2025-07-24,PRC,135
2409,3,2025-07-31,FEA,12960
2412,1,2025-07-17,PRC,45
2417,1,2025-07-31,PRC,120
2434,1,2025-07-01,PRC,60
2446,1,2025-07-30,PRC,225
2468,1,2025-07-04,PRC,105
2487,1,2025-07-03,PRC,90
2490,2,2025-07-28,ONB,1260
2523,1,2025-07-30,BUG,45
2529,1,2025-07-11,PRC,90
2556,1,2025-07-09,PRC,60
2561,1,2025-07-18,PRC,195
2570,2,2025-07-14,SUP,1855
2601,1,2025-07-06,PRC,90
1011,3,2025-08-15,CLS,3000
1017,2,2025-08-26,CMP,140
1137,1,2025-08-08,PRC,38
1168,1,2025-08-01,PRC,266
1205,1,2025-08-27,,76
1223,2,2025-08-20,CMP,1295
1388,2,2025-08-30,,1365
1512,1,2025-08-03,PRC,152
1594,1,2025-08-24,PRC,247
1705,1,2025-08-04,,171
1727,1,2025-08-31,PRC,228
1754,1,2025-08-04,PRC,76
1800,2,2025-08-02,PRC,735
1856,2,2025-08-29,SUP,420
1875,2,2025-08-15,,1575
1922,1,2025-08-13,PRC,152
1951,1,2025-08-23,PRC,114
2026,2,2025-08-22,PRC,1155
2058,1,2025-08-08,PRC,266
2059,1,2025-08-08,PRC,95
2155,2,2025-08-02,BUD,1715
2175,2,2025-08-21,PRC,455
2239,2,2025-08-14,FEA,1505
2306,3,2025-08-07,,5880
2357,1,2025-08-11,BUG,209
2380,2,2025-08-24,FEA,1470
2454,1,2025-08-11,BUG,228
2459,1,2025-08-30,CMP,171
2551,1,2025-08-26,PRC,266
2589,2,2025-08-13,BUD,980
2591,1,2025-08-29,BUD,114
2597,2,2025-08-15,,1960
2598,1,2025-08-06,CMP,57
2600,1,2025-08-03,BUG,152
2617,1,2025-08-28,BUD,285
2623,1,2025-08-12,CMP,228
2633,1,2025-08-11,BUG,247
2642,2,2025-08-20,BUD,2030
2646,2,2025-08-30,,1050
2654,1,2025-08-15,,285
1029,2,2025-09-17,PRC,70
1069,2,2025-09-11,PRC,105
1238,1,2025-09-26,PRC,38
1332,1,2025-09-20,PRC,114
1356,1,2025-09-17,PRC,228
1394,2,2025-09-17,CMP,1190
1441,1,2025-09-26,PRC,323
1513,1,2025-09-20,PRC,57
1516,1,2025-09-07,BUD,114
1615,1,2025-09-16,PRC,209
1617,2,2025-09-28,BUD,1715
1629,1,2025-09-20,PRC,152
1691,1,2025-09-24,,95
1710,1,2025-09-28,PRC,152
1720,1,2025-09-07,FEA,190
1784,1,2025-09-08,FEA,114
1789,1,2025-09-19,BUG,171
1790,1,2025-09-20,,57
1804,1,2025-09-11,PRC,152
1813,1,2025-09-10,BUG,190
1833,1,2025-09-03,PRC,209
1835,1,2025-09-28,PRC,38
1919,2,2025-09-13,CLS,1505
1937,1,2025-09-03,CMP,76
1942,1,2025-09-26,FEA,228
1956,2,2025-09-30,BUG,1155
2016,1,2025-09-27,PRC,171
2052,1,2025-09-19,PRC,551
2106,2,2025-09-17,BUG,1330
2113,1,2025-09-01,,19
2141,1,2025-09-06,PRC,266
2182,2,2025-09-15,BUD,525
2225,1,2025-09-08,PRC,171
2294,1,2025-09-10,,190
2340,2,2025-09-21,ONB,1330
2350,1,2025-09-09,PRC,38
2379,1,2025-09-10,PRC,76
2425,1,2025-09-06,CLS,323
2443,1,2025-09-10,ONB,95
2503,3,2025-09-13,PRC,6600
2508,1,2025-09-10,ONB,76
2528,1,2025-09-23,,266
2555,2,2025-09-12,ONB,1820
2618,2,2025-09-05,ONB,1890
2636,1,2025-09-19,FEA,57
2670,1,2025-09-20,ONB,57
2707,1,2025-09-01,FEA,247
2714,1,2025-09-08,PRC,114
2733,1,2025-09-07,PRC,152
2736,1,2025-09-05,PRC,114
1051,2,2025-10-07,CMP,315
1080,1,2025-10-27,PRC,247
1164,1,2025-10-14,PRC,76
1184,1,2025-10-13,CMP,114
1210,1,2025-10-10,PRC,114
1307,2,2025-10-13,SUP,630
1364,2,2025-10-26,CMP,1260
1378,3,2025-10-22,BUG,10740
1650,2,2025-10-20,BUD,1960
1700,1,2025-10-23,PRC,57
1758,1,2025-10-04,,304
1781,2,2025-10-18,PRC,280
1783,2,2025-10-25,CLS,2310
2112,1,2025-10-04,BUD,380
2121,1,2025-10-19,PRC,380
2131,2,2025-10-27,CLS,1575
2133,2,2025-10-22,BUG,490
2135,2,2025-10-29,BUD,980
2195,1,2025-10-25,CLS,190
2216,2,2025-10-01,CLS,980
2279,1,2025-10-09,PRC,171
2349,2,2025-10-06,PRC,560
2394,1,2025-10-30,PRC,228
2408,1,2025-10-15,PRC,114
2460,1,2025-10-10,PRC,247
2511,2,2025-10-18,,1120
2548,1,2025-10-12,PRC,228
2553,2,2025-10-24,BUG,1890
2587,1,2025-10-16,PRC,114
2662,1,2025-10-19,PRC,266
2750,1,2025-10-01,SUP,209
2821,3,2025-10-17,CLS,6120
1088,1,2025-11-27,ONB,247
1107,2,2025-11-24,CMP,840
1117,1,2025-11-02,SUP,19
1247,1,2025-11-28,ONB,76
1273,1,2025-11-08,PRC,171
1326,2,2025-11-25,BUD,525
1780,1,2025-11-11,SUP,247
1809,3,2025-11-02,FEA,4920
1811,1,2025-11-07,PRC,57
1903,2,2025-11-02,BUG,910
2196,1,2025-11-05,CMP,247
2262,2,2025-11-10,FEA,455
2361,1,2025-11-28,CLS,133
2372,2,2025-11-11,FEA,910
2414,2,2025-11-04,SUP,1015
2494,1,2025-11-13,BUG,152
2609,2,2025-11-05,FEA,1610
2610,2,2025-11-21,FEA,1610
2661,1,2025-11-23,CMP,266
2699,1,2025-11-25,BUD,57
2738,2,2025-11-27,,350
2760,1,2025-11-01,BUG,171
2770,1,2025-11-01,FEA,190
2776,1,2025-11-18,BUG,209
2780,2,2025-11-08,,1645
2820,1,2025-11-25,CMP,228
2824,2,2025-11-08,,665
2840,1,2025-11-07,CMP,190
2862,1,2025-11-22,ONB,171
1536,1,2025-12-31,BUD,171
1555,1,2025-12-06,SUP,209
1580,2,2025-12-26,PRC,1295
1582,1,2025-12-12,SUP,133
1608,1,2025-12-30,FEA,209
1667,2,2025-12-02,BUG,210
1679,2,2025-12-17,FEA,140
1771,2,2025-12-23,SUP,560
1805,2,2025-12-10,,455
1970,2,2025-12-09,CMP,2310
2138,2,2025-12-02,FEA,1050
2186,2,2025-12-08,BUG,805
2311,1,2025-12-31,BUG,76
2462,1,2025-12-20,BUG,285
2569,1,2025-12-27,ONB,209
2584,2,2025-12-18,SUP,560
2592,1,2025-12-25,FEA,152
2613,1,2025-12-25,FEA,285
2687,2,2025-12-10,ONB,1015
2797,2,2025-12-06,SUP,1295
2802,1,2025-12-27,FEA,190
2810,2,2025-12-07,ONB,1855
2823,1,2025-12-02,ONB,95
2846,1,2025-12-01,CLS,114
2919,1,2025-12-07,,57
2946,3,2025-12-06,PRC,11760
2964,1,2025-12-25,CLS,228
2970,1,2025-12-12,ONB,285
1036,1,2026-01-25,SUP,152
1048,1,2026-01-20,BUG,133
1116,1,2026-01-21,CMP,114
1148,2,2026-01-29,SUP,280
1246,1,2026-01-16,CMP,133
1268,3,2026-01-16,,13500
1340,2,2026-01-29,FEA,1120
1413,2,2026-01-23,CMP,315
1496,1,2026-01-17,SUP,285
1576,1,2026-01-20,SUP,133
1622,2,2026-01-09,SUP,490
1730,1,2026-01-14,PRC,114
1818,2,2026-01-12,SUP,1190
1824,1,2026-01-31,SUP,19
1897,2,2026-01-01,PRC,490
1950,2,2026-01-01,SUP,700
2035,1,2026-01-08,BUG,247
2070,1,2026-01-08,SUP,209
2083,2,2026-01-06,SUP,630
2115,1,2026-01-30,CMP,475
2151,2,2026-01-28,SUP,350
2452,2,2026-01-01,,420
2510,3,2026-01-03,SUP,8040
2535,2,2026-01-05,SUP,1610
2588,1,2026-01-28,SUP,76
2615,2,2026-01-05,SUP,1225
2634,2,2026-01-06,CMP,945
2639,1,2026-01-13,ONB,57
2641,2,2026-01-10,,455
2668,3,2026-01-23,SUP,17520
2695,2,2026-01-05,CLS,1890
2737,1,2026-01-31,PRC,171
2759,2,2026-01-27,BUG,420
2826,1,2026-01-09,FEA,209
2882,1,2026-01-26,BUD,171
2884,1,2026-01-20,SUP,171
2902,2,2026-01-19,PRC,595
2903,2,2026-01-24,ONB,1085
2914,2,2026-01-03,CMP,560
2930,1,2026-01-10,BUD,114
2942,1,2026-01-29,CMP,76
2947,1,2026-01-19,SUP,133
2960,1,2026-01-20,ONB,171
2985,1,2026-01-06,SUP,171
3008,1,2026-01-10,CMP,76
3025,1,2026-01-28,FEA,228
3053,1,2026-01-09,SUP,152
3057,1,2026-01-02,ONB,95
1004,1,2026-02-28,BUD,19
1110,1,2026-02-22,,342
1197,1,2026-02-19,BUD,114
1309,2,2026-02-08,BUD,1295
1314,1,2026-02-03,SUP,266
1333,2,2026-02-17,SUP,1295
1491,1,2026-02-03,CMP,19
1527,1,2026-02-15,PRC,133
1586,1,2026-02-19,SUP,38
1658,2,2026-02-09,SUP,1015
1672,2,2026-02-09,FEA,595
1702,1,2026-02-21,,323
1865,2,2026-02-10,SUP,1400
1886,1,2026-02-17,SUP,76
1895,2,2026-02-16,PRC,2100
1915,2,2026-02-01,ONB,1890
1949,1,2026-02-02,BUG,133
2068,2,2026-02-20,SUP,735
2295,3,2026-02-27,SUP,6180
2303,3,2026-02-14,SUP,17640
2371,1,2026-02-04,SUP,19
2486,2,2026-02-18,ONB,1190
2500,2,2026-02-10,SUP,875
2502,1,2026-02-11,SUP,114
2594,2,2026-02-01,CMP,1120
2630,1,2026-02-11,,247
2652,2,2026-02-12,SUP,1925
2725,1,2026-02-03,SUP,247
2772,1,2026-02-25,CMP,399
2813,1,2026-02-17,BUD,38
2847,1,2026-02-23,SUP,57
2908,2,2026-02-27,PRC,1820
3004,2,2026-02-20,SUP,1365
3007,1,2026-02-05,ONB,190
3037,1,2026-02-16,ONB,57
3077,2,2026-02-27,BUG,1715
3078,1,2026-02-12,SUP,95
3097,1,2026-02-04,BUD,266
3118,1,2026-02-25,SUP,152
3122,2,2026-02-24,ONB,1995
1202,1,2026-03-31,CMP,38
1209,2,2026-03-24,CLS,385
1245,1,2026-03-02,SUP,247
1338,2,2026-03-19,ONB,490
1497,1,2026-03-03,ONB,57
1505,1,2026-03-23,,152
1523,2,2026-03-27,SUP,420
1525,3,2026-03-20,SUP,2580
1559,2,2026-03-20,SUP,1610
1561,2,2026-03-19,BUG,525
1651,2,2026-03-01,BUD,350
1668,1,2026-03-22,CMP,95
1750,1,2026-03-18,,114
1765,3,2026-03-08,BUD,2880
1821,1,2026-03-21,FEA,304
2053,1,2026-03-13,FEA,171
2061,2,2026-03-20,SUP,2065
2204,3,2026-03-28,SUP,7200
2264,1,2026-03-22,SUP,19
2360,1,2026-03-05,FEA,95
2481,1,2026-03-02,ONB,323
2498,1,2026-03-31,PRC,95
2521,1,2026-03-05,SUP,114
2563,1,2026-03-17,SUP,114
2625,1,2026-03-16,BUG,114
2660,3,2026-03-31,PRC,3540
2768,1,2026-03-28,CMP,247
2775,1,2026-03-09,SUP,342
2790,1,2026-03-09,,76
2838,2,2026-03-17,SUP,1995
2851,2,2026-03-09,SUP,420
2888,1,2026-03-27,FEA,266
2890,2,2026-03-24,SUP,490
2935,1,2026-03-13,PRC,57
2943,1,2026-03-01,CMP,266
2955,3,2026-03-28,SUP,9960
2958,2,2026-03-01,BUD,595
2963,1,2026-03-01,CMP,57
2977,1,2026-03-17,PRC,95
3002,1,2026-03-13,CMP,190
3039,1,2026-03-03,SUP,266
3044,2,2026-03-05,BUD,2100
3086,1,2026-03-17,SUP,95
3123,2,2026-03-12,,1330
3142,1,2026-03-27,CLS,266
3143,1,2026-03-23,BUG,171
3146,1,2026-03-11,ONB,152
3150,2,2026-03-10,SUP,1505
3166,1,2026-03-03,PRC,247
3171,1,2026-03-11,SUP,228
1071,2,2026-04-30,,525
1188,2,2026-04-18,SUP,455
1203,3,2026-04-17,SUP,6060
1284,3,2026-04-15,,22680
1334,2,2026-04-02,,2100
1403,2,2026-04-10,SUP,315
1449,1,2026-04-14,BUG,38
1603,1,2026-04-16,CMP,171
1639,1,2026-04-11,SUP,76
1675,1,2026-04-07,SUP,190
1778,1,2026-04-19,,95
1820,1,2026-04-24,SUP,133
1882,1,2026-04-08,SUP,399
1965,1,2026-04-14,BUG,399
1971,2,2026-04-23,FEA,945
2033,2,2026-04-30,,630
2116,2,2026-04-25,SUP,455
2166,2,2026-04-21,SUP,280
2191,1,2026-04-29,FEA,133
2197,2,2026-04-15,SUP,1400
2217,3,2026-04-01,CMP,12120
2287,3,2026-04-25,SUP,11220
2290,2,2026-04-04,,420
2307,2,2026-04-20,SUP,595
2314,1,2026-04-13,SUP,95
2457,2,2026-04-27,BUD,1785
2492,1,2026-04-02,ONB,152
2576,2,2026-04-05,SUP,2240
2579,1,2026-04-08,SUP,266
2606,3,2026-04-12,SUP,6360
2626,1,2026-04-04,BUG,266
2713,1,2026-04-09,PRC,228
2717,2,2026-04-01,CMP,840
2722,1,2026-04-06,CLS,114
2777,2,2026-04-27,SUP,2380
2811,1,2026-04-15,PRC,247
2829,2,2026-04-21,SUP,1050
2859,1,2026-04-17,CMP,133
2876,1,2026-04-09,CMP,95
2883,2,2026-04-06,BUD,1225
2897,2,2026-04-24,CMP,560
2900,2,2026-04-04,SUP,735
2987,1,2026-04-19,FEA,114
3027,1,2026-04-05,SUP,266
3043,2,2026-04-09,SUP,2065
3083,1,2026-04-06,SUP,228
3095,1,2026-04-06,,266
3101,2,2026-04-07,SUP,1505
3105,1,2026-04-13,SUP,342
3116,2,2026-04-01,SUP,910
3156,1,2026-04-23,FEA,152
3184,2,2026-04-13,,455
3197,2,2026-04-21,BUG,1365
3224,2,2026-04-29,SUP,945
3236,2,2026-04-27,SUP,525
3244,1,2026-04-02,ONB,228
3251,1,2026-04-30,PRC,247
3269,1,2026-04-12,FEA,209
3282,1,2026-04-09,SUP,266
3309,1,2026-04-06,BUD,209
3312,1,2026-04-18,SUP,228
1057,2,2026-05-10,BUD,140
1178,1,2026-05-02,,38
1271,2,2026-05-27,SUP,105
1445,1,2026-05-18,,95
1510,2,2026-05-27,CMP,630
1529,1,2026-05-04,SUP,76
1610,2,2026-05-17,CMP,3220
1747,2,2026-05-04,PRC,490
1825,2,2026-05-24,,945
1879,2,2026-05-18,FEA,1120
1934,1,2026-05-05,CMP,228
2180,1,2026-05-31,SUP,266
2495,3,2026-05-28,CMP,8700
2549,1,2026-05-22,,190
2564,1,2026-05-03,BUD,19
2651,1,2026-05-30,CLS,209
2728,1,2026-05-27,SUP,133
2731,1,2026-05-15,PRC,57
2769,1,2026-05-11,SUP,76
2949,1,2026-05-18,CLS,171
2976,1,2026-05-29,ONB,57
3015,1,2026-05-05,SUP,57
3022,1,2026-05-16,PRC,228
3085,2,2026-05-12,CMP,1085
3089,2,2026-05-11,ONB,1575
3192,1,2026-05-19,,304
3308,1,2026-05-14,PRC,114
3341,1,2026-05-26,CLS,285
3349,2,2026-05-28,ONB,1400
3383,1,2026-05-23,FEA,247
1146,1,2026-06-11,FEA,247
1212,2,2026-06-14,BUG,735
1301,1,2026-06-10,BUD,57
1411,1,2026-06-21,FEA,95
1470,2,2026-06-15,CMP,175
1634,2,2026-06-18,CMP,1155
1734,2,2026-06-22,ONB,770
1769,2,2026-06-30,BUG,630
1857,2,2026-06-24,,770
1933,3,2026-06-27,PRC,7440
1946,1,2026-06-21,CMP,152
2086,2,2026-06-07,SUP,350
2152,1,2026-06-10,CMP,152
2231,1,2026-06-23,FEA,76
2265,1,2026-06-28,SUP,342
2382,1,2026-06-05,SUP,304
2422,1,2026-06-08,PRC,190
2518,1,2026-06-10,CMP,266
2605,2,2026-06-22,SUP,210
2666,2,2026-06-05,BUG,1120
2727,2,2026-06-09,BUG,2765
2787,1,2026-06-16,BUG,133
2913,1,2026-06-18,CLS,38
3113,1,2026-06-24,FEA,171
3125,1,2026-06-02,ONB,133
3187,1,2026-06-12,BUG,133
3209,2,2026-06-21,PRC,1190
3249,1,2026-06-26,CMP,190
3255,1,2026-06-17,,171
3266,2,2026-06-18,FEA,385
3281,1,2026-06-09,CMP,209
3345,2,2026-06-15,FEA,1190
3362,2,2026-06-12,PRC,875
3366,2,2026-06-09,CMP,1610
3403,2,2026-06-27,,1400
3417,1,2026-06-18,BUD,133
3422,2,2026-06-03,ONB,1995
1027,3,2026-07-18,CMP,1680
1126,2,2026-07-18,SUP,175
1279,1,2026-07-06,BUG,95
1315,2,2026-07-18,BUD,1015
1321,2,2026-07-25,PRC,525
1380,1,2026-07-14,,114
1381,2,2026-07-30,CLS,350
1438,2,2026-07-03,SUP,630
1455,2,2026-07-04,ONB,910
1479,1,2026-07-24,CMP,57
1716,2,2026-07-31,CLS,315
1880,1,2026-07-07,PRC,209
1883,2,2026-07-03,CMP,1155
1935,2,2026-07-29,CMP,2100
2037,1,2026-07-22,,57
2045,1,2026-07-21,BUG,95
2185,1,2026-07-13,CMP,247
2312,1,2026-07-01,CMP,190
2338,1,2026-07-23,PRC,266
2384,1,2026-07-28,BUD,209
2402,1,2026-07-27,FEA,228
2449,1,2026-07-07,PRC,133
2509,3,2026-07-29,CMP,2760
2574,1,2026-07-03,CMP,133
2825,2,2026-07-16,FEA,1365
2866,2,2026-07-30,PRC,1960
2898,1,2026-07-05,BUG,570
2901,2,2026-07-26,SUP,1120
2929,1,2026-07-17,,152
3033,2,2026-07-04,BUD,560
3208,1,2026-07-02,FEA,19
3303,2,2026-07-10,ONB,1155
3316,1,2026-07-05,PRC,171
3329,3,2026-07-18,PRC,11520
3353,2,2026-07-14,BUG,1960
3401,2,2026-07-03,FEA,455
3409,1,2026-07-23,ONB,133
3431,1,2026-07-31,CLS,190
3456,1,2026-07-01,ONB,171
3462,2,2026-07-08,,1785
3475,1,2026-07-06,ONB,247
3485,2,2026-07-21,ONB,490
3494,2,2026-07-19,PRC,1890
3502,2,2026-07-06,FEA,1330
1167,1,2026-08-29,CMP,304
1208,3,2026-08-01,SUP,2520
1258,2,2026-08-05,,700
1509,1,2026-08-06,CMP,95
1776,2,2026-08-18,FEA,350
1837,2,2026-08-14,BUD,350
1855,1,2026-08-01,BUG,361
1990,1,2026-08-28,FEA,95
2476,2,2026-08-12,SUP,1260
2540,1,2026-08-04,,114
2629,1,2026-08-06,CLS,76
2706,2,2026-08-14,BUG,735
2904,1,2026-08-17,PRC,95
2996,1,2026-08-22,BUD,133
3141,1,2026-08-16,PRC,171
3157,1,2026-08-20,,361
3189,3,2026-08-08,CLS,19200
3190,1,2026-08-20,BUD,209
3203,1,2026-08-14,CLS,171
3285,2,2026-08-18,BUD,945
3300,1,2026-08-15,BUG,190
3386,1,2026-08-15,CLS,247
3399,1,2026-08-22,FEA,285
3443,2,2026-08-16,CMP,385
3447,1,2026-08-29,BUD,133
3468,1,2026-08-24,BUD,209
3492,2,2026-08-09,,595
3513,1,2026-08-13,FEA,171
3530,2,2026-08-11,BUD,2065
3598,1,2026-08-02,ONB,152
3641,3,2026-08-27,ONB,17880
3648,1,2026-08-07,,171
3665,1,2026-08-16,,171
1130,1,2026-09-01,,152
1213,3,2026-09-20,BUG,9360
1244,1,2026-09-13,BUD,266
1288,1,2026-09-12,CMP,57
1414,1,2026-09-09,PRC,399
1419,1,2026-09-22,PRC,190
1434,1,2026-09-21,BUG,76
1641,1,2026-09-13,CMP,247
1645,1,2026-09-16,BUG,76
1680,1,2026-09-08,,19
1696,1,2026-09-02,,133
1988,1,2026-09-07,FEA,361
2084,1,2026-09-01,FEA,95
2453,2,2026-09-17,CMP,980
2585,2,2026-09-25,CMP,910
2746,2,2026-09-19,,665
2758,2,2026-09-29,BUD,875
2915,1,2026-09-20,FEA,152
2924,2,2026-09-02,CMP,420
3010,2,2026-09-16,,1820
3017,2,2026-09-10,FEA,1540
3032,1,2026-09-01,SUP,38
3049,3,2026-09-06,SUP,11100
3067,1,2026-09-18,CMP,152
3075,2,2026-09-18,,805
3090,2,2026-09-14,CLS,2310
3144,2,2026-09-06,PRC,385
3168,1,2026-09-05,CMP,285
3198,2,2026-09-03,BUG,2065
3216,2,2026-09-05,PRC,1715
3233,2,2026-09-26,FEA,1260
3286,1,2026-09-06,PRC,209
3332,1,2026-09-02,FEA,285
3371,1,2026-09-16,FEA,247
3507,1,2026-09-17,BUD,209
3549,2,2026-09-06,PRC,525
3562,1,2026-09-16,,209
3590,1,2026-09-14,BUG,228
3594,2,2026-09-09,ONB,1295
3652,2,2026-09-28,FEA,525
3684,1,2026-09-13,,76
3719,2,2026-09-16,SUP,1050
3742,2,2026-09-28,,1225
3752,1,2026-09-29,FEA,247
